species_key,tier,common_name
Branta canadensis,1,Canada Goose
Calypte anna,1,Anna's Hummingbird
Cardellina pusilla,1,Wilson's Warbler
Catharus guttatus,1,Hermit Thrush
Catharus ustulatus,1,Swainson's Thrush
Certhia americana,1,Brown Creeper
Coccothraustes vespertinus,1,Evening Grosbeak
Colaptes auratus,1,Northern Flicker
Contopus cooperi,1,Olive-sided Flycatcher
Contopus sordidulus,1,Western Wood-Pewee
Corthylio calendula,1,Ruby-crowned Kinglet
Corvus corax,1,Common Raven
Cyanocitta stelleri,1,Steller's Jay
Dryobates albolarvatus,1,White-headed Woodpecker
Empidonax difficilis,1,Pacific-slope Flycatcher
Empidonax hammondii,1,Hammond's Flycatcher
Empidonax oberholseri,1,Dusky Flycatcher
Geothlypis tolmiei,1,MacGillivray's Warbler
Haemorhous cassinii,1,Cassin's Finch
Haemorhous purpureus,1,Purple Finch
Junco hyemalis,1,Dark-eyed Junco
Leiothlypis celata,1,Orange-crowned Warbler
Leiothlypis ruficapilla,1,Nashville Warbler
Loxia curvirostra,1,Red Crossbill
Melanerpes formicivorus,1,Acorn Woodpecker
Melospiza lincolnii,1,Lincoln's Sparrow
Molothrus ater,1,Brown-headed Cowbird
Myadestes townsendi,1,Townsend's Solitaire
Oreortyx pictus,1,Mountain Quail
Passerella iliaca,1,Fox Sparrow
Passerina amoena,1,Lazuli Bunting
Patagioenas fasciata,1,Band-tailed Pigeon
Pheucticus melanocephalus,1,Black-headed Grosbeak
Pipilo chlorurus,1,Green-tailed Towhee
Pipilo maculatus,1,Spotted Towhee
Piranga ludoviciana,1,Western Tanager
Poecile gambeli,1,Mountain Chickadee
Poecile rufescens,1,Chestnut-backed Chickadee
Pooecetes gramineus,1,Vesper Sparrow
Regulus satrapa,1,Golden-crowned Kinglet
Setophaga coronata,1,Yellow-rumped Warbler
Setophaga nigrescens,1,Black-throated Gray Warbler
Setophaga occidentalis,1,Hermit Warbler
Setophaga townsendi,1,Townsend's Warbler
Sitta canadensis,1,Red-breasted Nuthatch
Sphyrapicus thyroideus,1,Williamson's Sapsucker
Spinus pinus,1,Pine Siskin
Spinus tristis,1,American Goldfinch
Thryomanes bewickii,1,Bewick's Wren
Troglodytes aedon,1,House Wren
Turdus migratorius,1,American Robin
Vireo cassinii,1,Cassin's Vireo
Vireo gilvus,1,Warbling Vireo
Vireo huttoni,1,Hutton's Vireo
Zenaida macroura,1,Mourning Dove
Zonotrichia leucophrys,1,White-crowned Sparrow
