species_key,tier,common_name
Accipiter nisus,1,Eurasian Sparrowhawk
Acrocephalus schoenobaenus,1,Sedge Warbler
Acrocephalus scirpaceus,1,Common Reed Warbler
Actitis hypoleucos,1,Common Sandpiper
Aegithalos caudatus,1,Long-tailed Tit
Alauda arvensis,1,Eurasian Skylark
Alcedo atthis,1,Common Kingfisher
Anas platyrhynchos,1,Mallard
Anthus pratensis,1,Meadow Pipit
Anthus trivialis,1,Tree Pipit
Anthus petrosus,1,Rock Pipit
Apus apus,1,Common Swift
Aquila chrysaetos,1,Golden Eagle
Ardea cinerea,1,Grey Heron
Athene noctua,1,Little Owl
Buteo buteo,1,Common Buzzard
Carduelis carduelis,1,European Goldfinch
Certhia familiaris,1,Eurasian Treecreeper
Chloris chloris,1,European Greenfinch
Chroicocephalus ridibundus,1,Black-headed Gull
Cinclus cinclus,1,White-throated Dipper
Coccothraustes coccothraustes,1,Hawfinch
Columba oenas,1,Stock Dove
Columba palumbus,1,Common Wood-Pigeon
Corvus corax,1,Common Raven
Corvus cornix,1,Hooded Crow
Corvus corone,1,Carrion Crow
Corvus frugilegus,1,Rook
Corvus monedula,1,Eurasian Jackdaw
Cuculus canorus,1,Common Cuckoo
Curruca communis,1,Common Whitethroat
Curruca curruca,1,Lesser Whitethroat
Cyanistes caeruleus,1,Eurasian Blue Tit
Delichon urbicum,1,Common House Martin
Dendrocopos major,1,Great Spotted Woodpecker
Dryobates minor,1,Lesser Spotted Woodpecker
Emberiza calandra,1,Corn Bunting
Emberiza citrinella,1,Yellowhammer
Emberiza schoeniclus,1,Common Reed Bunting
Erithacus rubecula,1,European Robin
Falco tinnunculus,1,Common Kestrel
Ficedula hypoleuca,1,European Pied Flycatcher
Fringilla coelebs,1,Common Chaffinch
Fringilla montifringilla,1,Brambling
Fulica atra,1,Eurasian Coot
Gallinago gallinago,1,Common Snipe
Gallinula chloropus,1,Common Moorhen
Garrulus glandarius,1,Eurasian Jay
Haematopus ostralegus,1,Eurasian Oystercatcher
Hirundo rustica,1,Barn Swallow
Lagopus lagopus,1,Willow Ptarmigan (Red Grouse)
Larus argentatus,1,Herring Gull
Larus canus,1,Common Gull
Linaria cannabina,1,Common Linnet
Locustella naevia,1,Grasshopper Warbler
Lophophanes cristatus,1,Crested Tit
Loxia curvirostra,1,Common Crossbill
Lullula arborea,1,Woodlark
Luscinia megarhynchos,1,Common Nightingale
Lyrurus tetrix,1,Black Grouse
Milvus milvus,1,Red Kite
Motacilla alba,1,White Wagtail (Pied)
Motacilla cinerea,1,Grey Wagtail
Motacilla flava,1,Western Yellow Wagtail
Muscicapa striata,1,Spotted Flycatcher
Numenius arquata,1,Eurasian Curlew
Oenanthe oenanthe,1,Northern Wheatear
Pandion haliaetus,1,Osprey
Parus major,1,Great Tit
Passer domesticus,1,House Sparrow
Passer montanus,1,Eurasian Tree Sparrow
Periparus ater,1,Coal Tit
Phasianus colchicus,1,Ring-necked Pheasant
Phoenicurus ochruros,1,Black Redstart
Phoenicurus phoenicurus,1,Common Redstart
Phylloscopus collybita,1,Common Chiffchaff
Phylloscopus sibilatrix,1,Wood Warbler
Phylloscopus trochilus,1,Willow Warbler
Pica pica,1,Eurasian Magpie
Picus viridis,1,European Green Woodpecker
Pluvialis apricaria,1,European Golden-Plover
Poecile montanus,1,Willow Tit
Poecile palustris,1,Marsh Tit
Prunella modularis,1,Dunnock
Pyrrhula pyrrhula,1,Eurasian Bullfinch
Regulus ignicapilla,1,Common Firecrest
Regulus regulus,1,Goldcrest
Riparia riparia,1,Sand Martin
Saxicola rubetra,1,Whinchat
Saxicola rubicola,1,European Stonechat
Scolopax rusticola,1,Eurasian Woodcock
Sitta europaea,1,Eurasian Nuthatch
Spinus spinus,1,Eurasian Siskin
Streptopelia decaocto,1,Eurasian Collared-Dove
Streptopelia turtur,1,European Turtle-Dove
Strix aluco,1,Tawny Owl
Sturnus vulgaris,1,European Starling
Sylvia atricapilla,1,Eurasian Blackcap
Sylvia borin,1,Garden Warbler
Troglodytes troglodytes,1,Eurasian Wren
Turdus iliacus,1,Redwing
Turdus merula,1,Eurasian Blackbird
Turdus philomelos,1,Song Thrush
Turdus pilaris,1,Fieldfare
Turdus viscivorus,1,Mistle Thrush
Tyto alba,1,Barn Owl
Vanellus vanellus,1,Northern Lapwing
